Departamento,"Dimensiones (ancho x largo, alto 2.8m)",PCs,Total:,Teléfonos IP,Total:,Impresoras red,Precio:,Plotters,Precio:,Impresoras 3D,Precio:,Cámaras IP,Precio:,Precio Total:
1. Dirección Médica,14.3m x 28.0m (alto 2.8m),38,"$2,166,000.00",38,"$2,166,000.00",2,"$114,000.00",0,$0.00,2,"$114,000.00",3,"$171,000.00","$4,731,000.00"
2. Guardia y Emergencias,23.8m x 16.0m (alto 2.8m),83,"$4,731,000.00",83,"$4,731,000.00",1,"$57,000.00",0,$0.00,1,"$57,000.00",3,"$171,000.00","$9,747,000.00"
3. Quirófanos,15.1m x 8.2m (alto 2.8m),87,"$4,959,000.00",87,"$4,959,000.00",1,"$57,000.00",0,$0.00,2,"$114,000.00",3,"$171,000.00","$10,260,000.00"
4. Internación Adultos,27.7m x 3.1m (alto 2.8m),50,"$2,850,000.00",50,"$2,850,000.00",1,"$57,000.00",0,$0.00,0,$0.00,3,"$171,000.00","$5,928,000.00"
5. Pediatría,19.1m x 26.8m (alto 2.8m),93,"$5,301,000.00",93,"$5,301,000.00",1,"$57,000.00",0,$0.00,3,"$171,000.00",3,"$171,000.00","$11,001,000.00"
6. Farmacia Central,16.3m x 15.1m (alto 2.8m),105,"$5,985,000.00",105,"$5,985,000.00",1,"$57,000.00",0,$0.00,3,"$171,000.00",3,"$171,000.00","$12,369,000.00"
7. Laboratorio de Análisis,15.1m x 15.3m (alto 2.8m),27,"$1,539,000.00",27,"$1,539,000.00",1,"$57,000.00",0,$0.00,1,"$57,000.00",3,"$171,000.00","$3,363,000.00"
8. Diagnóstico por Imágenes,27.8m x 10.7m (alto 2.8m),26,"$1,482,000.00",26,"$1,482,000.00",1,"$57,000.00",0,$0.00,0,$0.00,3,"$171,000.00","$3,192,000.00"
9. Administración y Facturación,22.1m x 22.1m (alto 2.8m),47,"$2,679,000.00",47,"$2,679,000.00",1,"$57,000.00",0,$0.00,0,$0.00,3,"$171,000.00","$5,586,000.00"
10. Recursos Humanos,15.5m x 19.4m (alto 2.8m),32,"$1,824,000.00",32,"$1,824,000.00",1,"$57,000.00",0,$0.00,2,"$114,000.00",3,"$171,000.00","$3,990,000.00"
11. Sistemas e Informática Médica,9.2m x 11.3m (alto 2.8m),53,"$3,021,000.00",53,"$3,021,000.00",1,"$57,000.00",0,$0.00,1,"$57,000.00",3,"$171,000.00","$6,327,000.00"
12. Mantenimiento Edilicio,3.6m x 25.4m (alto 2.8m),110,"$6,270,000.00",110,"$6,270,000.00",1,"$57,000.00",0,$0.00,1,"$57,000.00",3,"$171,000.00","$12,825,000.00"
13. Esterilización,13.0m x 14.4m (alto 2.8m),51,"$2,907,000.00",51,"$2,907,000.00",1,"$57,000.00",2,"$114,000.00",2,"$114,000.00",3,"$171,000.00","$6,270,000.00"
14. Cocina y Nutrición,7.7m x 19.2m (alto 2.8m),18,"$1,026,000.00",18,"$1,026,000.00",1,"$57,000.00",0,$0.00,1,"$57,000.00",3,"$171,000.00","$2,337,000.00"
15. Compras de Insumos,19.0m x 20.5m (alto 2.8m),31,"$1,767,000.00",31,"$1,767,000.00",2,"$114,000.00",0,$0.00,2,"$114,000.00",3,"$171,000.00","$3,933,000.00"
16. Servicio Social,7.9m x 28.6m (alto 2.8m),91,"$5,187,000.00",91,"$5,187,000.00",1,"$57,000.00",0,$0.00,0,$0.00,3,"$171,000.00","$10,602,000.00"
17. Auditoría Médica,17.7m x 29.9m (alto 2.8m),83,"$4,731,000.00",83,"$4,731,000.00",2,"$114,000.00",0,$0.00,1,"$57,000.00",3,"$171,000.00","$9,804,000.00"
18. Legales y Bioética,28.3m x 4.3m (alto 2.8m),33,"$1,881,000.00",33,"$1,881,000.00",1,"$57,000.00",0,$0.00,3,"$171,000.00",3,"$171,000.00","$4,161,000.00"
19. Hemoterapia,25.9m x 7.9m (alto 2.8m),71,"$4,047,000.00",71,"$4,047,000.00",2,"$114,000.00",0,$0.00,2,"$114,000.00",3,"$171,000.00","$8,493,000.00"
20. Oncología y Cuidados Paliativos,19.3m x 5.1m (alto 2.8m),71,"$4,047,000.00",71,"$4,047,000.00",1,"$57,000.00",0,$0.00,2,"$114,000.00",3,"$171,000.00","$8,436,000.00"
Total Precios:,,,"$68,400,000.00",,"$68,400,000.00",,"$1,368,000.00",,"$114,000.00",,"$1,653,000.00",,"$3,420,000.00","$143,355,000.00"